{"train_loss": 0.10240989902317524, "_timestamp": 1668674999.3969626, "_runtime": 24389.830415725708, "_step": 6, "val_loss": 0.0850648050069809, "_wandb": {"runtime": 58958}}