{"train_loss": 1.0513044446706772, "_timestamp": 1668571071.190855, "_runtime": 28.450830936431885, "_step": 1, "val_loss": 0.7364198267459869, "_wandb": {"runtime": 31}}