{"train_loss": 1.943835973739624, "_timestamp": 1668748369.3424163, "_runtime": 17.72234535217285, "_step": 1, "val_loss": 1.5155155658721924, "_wandb": {"runtime": 17}}