{"train_loss": 0.3497108754552441, "_timestamp": 1668749742.7415938, "_runtime": 690.2578678131104, "_step": 3, "val_loss": 1.028831782085555, "_wandb": {"runtime": 724}}