{"train_loss": 1.3867628574371338, "_timestamp": 1668748548.60172, "_runtime": 37.75597310066223, "_step": 6, "val_loss": 1.2652007341384888, "_wandb": {"runtime": 37}}