{"train_loss": 0.8673259911746004, "_timestamp": 1668745910.5764728, "_runtime": 2126.146172761917, "_step": 5, "val_loss": 0.8375733884695534, "_wandb": {"runtime": 2469}}