{"train_loss": 1.4666428565979004, "_timestamp": 1668748686.8393838, "_runtime": 32.49741291999817, "_step": 5, "val_loss": 1.2849562168121338, "_wandb": {"runtime": 36}}