{"train_loss": 0.1272843787446618, "_timestamp": 1668570478.568074, "_runtime": 630.6820380687714, "_step": 68, "val_loss": 0.10441558435559273, "_wandb": {"runtime": 633}}