{"train_loss": 1.1684426665306091, "_timestamp": 1668749024.6757507, "_runtime": 69.18908977508545, "_step": 15, "val_loss": 1.1193232536315918, "_wandb": {"runtime": 70}}