{"train_loss": 1.0603551864624023, "_timestamp": 1668748834.4737675, "_runtime": 98.44097757339478, "_step": 23, "val_loss": 1.0011632442474365, "_wandb": {"runtime": 101}}