{"train_loss": 1.1402071118354797, "_timestamp": 1668748480.4124386, "_runtime": 70.60650062561035, "_step": 15, "val_loss": 1.067040205001831, "_wandb": {"runtime": 71}}